year,area,class,population
2007,종로구,총인구수,165846
2008,종로구,총인구수,170705
2009,종로구,총인구수,168603
2010,종로구,총인구수,170578
2011,종로구,총인구수,168382
2012,종로구,총인구수,165207
2013,종로구,총인구수,160070
2014,종로구,총인구수,156993
2015,종로구,총인구수,154986
2016,종로구,총인구수,152737
2017,종로구,총인구수,154770
2018,종로구,총인구수,153065
2019,종로구,총인구수,151290
2020,종로구,총인구수,149384
2021,종로구,총인구수,144683
2022,종로구,총인구수,141379
2023,종로구,총인구수,139417
2007,종로구,남자인구수,83104
2008,종로구,남자인구수,85398
2009,종로구,남자인구수,84257
2010,종로구,남자인구수,85182
2011,종로구,남자인구수,83931
2012,종로구,남자인구수,82274
2013,종로구,남자인구수,79519
2014,종로구,남자인구수,77621
2015,종로구,남자인구수,76548
2016,종로구,남자인구수,75201
2017,종로구,남자인구수,75967
2018,종로구,남자인구수,74825
2019,종로구,남자인구수,73746
2020,종로구,남자인구수,72635
2021,종로구,남자인구수,70183
2022,종로구,남자인구수,68395
2023,종로구,남자인구수,67306
2007,종로구,여자인구수,82742
2008,종로구,여자인구수,85307
2009,종로구,여자인구수,84346
2010,종로구,여자인구수,85396
2011,종로구,여자인구수,84451
2012,종로구,여자인구수,82933
2013,종로구,여자인구수,80551
2014,종로구,여자인구수,79372
2015,종로구,여자인구수,78438
2016,종로구,여자인구수,77536
2017,종로구,여자인구수,78803
2018,종로구,여자인구수,78240
2019,종로구,여자인구수,77544
2020,종로구,여자인구수,76749
2021,종로구,여자인구수,74500
2022,종로구,여자인구수,72984
2023,종로구,여자인구수,72111
2007,중구,총인구수,130044
2008,중구,총인구수,130362
2009,중구,총인구수,129465
2010,중구,총인구수,132822
2011,중구,총인구수,133193
2012,중구,총인구수,133360
2013,중구,총인구수,130465
2014,중구,총인구수,128065
2015,중구,총인구수,125733
2016,중구,총인구수,125249
2017,중구,총인구수,125709
2018,중구,총인구수,125725
2019,중구,총인구수,126171
2020,중구,총인구수,125240
2021,중구,총인구수,122499
2022,중구,총인구수,120437
2023,중구,총인구수,121312
2007,중구,남자인구수,64908
2008,중구,남자인구수,65110
2009,중구,남자인구수,65025
2010,중구,남자인구수,66879
2011,중구,남자인구수,67065
2012,중구,남자인구수,67043
2013,중구,남자인구수,65371
2014,중구,남자인구수,64033
2015,중구,남자인구수,62687
2016,중구,남자인구수,62204
2017,중구,남자인구수,62253
2018,중구,남자인구수,61947
2019,중구,남자인구수,61910
2020,중구,남자인구수,61222
2021,중구,남자인구수,59630
2022,중구,남자인구수,58563
2023,중구,남자인구수,58659
2007,중구,여자인구수,65136
2008,중구,여자인구수,65252
2009,중구,여자인구수,64440
2010,중구,여자인구수,65943
2011,중구,여자인구수,66128
2012,중구,여자인구수,66317
2013,중구,여자인구수,65094
2014,중구,여자인구수,64032
2015,중구,여자인구수,63046
2016,중구,여자인구수,63045
2017,중구,여자인구수,63456
2018,중구,여자인구수,63778
2019,중구,여자인구수,64261
2020,중구,여자인구수,64018
2021,중구,여자인구수,62869
2022,중구,여자인구수,61874
2023,중구,여자인구수,62653
2007,용산구,총인구수,235832
2008,용산구,총인구수,238224
2009,용산구,총인구수,238708
2010,용산구,총인구수,244853
2011,용산구,총인구수,246501
2012,용산구,총인구수,243232
2013,용산구,총인구수,239740
2014,용산구,총인구수,235951
2015,용산구,총인구수,233342
2016,용산구,총인구수,230241
2017,용산구,총인구수,229161
2018,용산구,총인구수,228999
2019,용산구,총인구수,228670
2020,용산구,총인구수,230040
2021,용산구,총인구수,222953
2022,용산구,총인구수,218650
2023,용산구,총인구수,213151
2007,용산구,남자인구수,115865
2008,용산구,남자인구수,116781
2009,용산구,남자인구수,116954
2010,용산구,남자인구수,119482
2011,용산구,남자인구수,120183
2012,용산구,남자인구수,118461
2013,용산구,남자인구수,116491
2014,용산구,남자인구수,114578
2015,용산구,남자인구수,113177
2016,용산구,남자인구수,111601
2017,용산구,남자인구수,110878
2018,용산구,남자인구수,110640
2019,용산구,남자인구수,110356
2020,용산구,남자인구수,110722
2021,용산구,남자인구수,107210
2022,용산구,남자인구수,105087
2023,용산구,남자인구수,102312
2007,용산구,여자인구수,119967
2008,용산구,여자인구수,121443
2009,용산구,여자인구수,121754
2010,용산구,여자인구수,125371
2011,용산구,여자인구수,126318
2012,용산구,여자인구수,124771
2013,용산구,여자인구수,123249
2014,용산구,여자인구수,121373
2015,용산구,여자인구수,120165
2016,용산구,여자인구수,118640
2017,용산구,여자인구수,118283
2018,용산구,여자인구수,118359
2019,용산구,여자인구수,118314
2020,용산구,여자인구수,119318
2021,용산구,여자인구수,115743
2022,용산구,여자인구수,113563
2023,용산구,여자인구수,110839
2007,성동구,총인구수,333535
2008,성동구,총인구수,314212
2009,성동구,총인구수,308058
2010,성동구,총인구수,309093
2011,성동구,총인구수,300711
2012,성동구,총인구수,299604
2013,성동구,총인구수,299337
2014,성동구,총인구수,296086
2015,성동구,총인구수,297003
2016,성동구,총인구수,299259
2017,성동구,총인구수,304808
2018,성동구,총인구수,308221
2019,성동구,총인구수,300889
2020,성동구,총인구수,293556
2021,성동구,총인구수,285990
2022,성동구,총인구수,281000
2023,성동구,총인구수,277361
2007,성동구,남자인구수,167424
2008,성동구,남자인구수,157602
2009,성동구,남자인구수,154333
2010,성동구,남자인구수,155067
2011,성동구,남자인구수,150655
2012,성동구,남자인구수,149832
2013,성동구,남자인구수,149304
2014,성동구,남자인구수,147363
2015,성동구,남자인구수,147570
2016,성동구,남자인구수,148326
2017,성동구,남자인구수,150368
2018,성동구,남자인구수,151359
2019,성동구,남자인구수,147273
2020,성동구,남자인구수,143387
2021,성동구,남자인구수,139380
2022,성동구,남자인구수,136633
2023,성동구,남자인구수,134519
2007,성동구,여자인구수,166111
2008,성동구,여자인구수,156610
2009,성동구,여자인구수,153725
2010,성동구,여자인구수,154026
2011,성동구,여자인구수,150056
2012,성동구,여자인구수,149772
2013,성동구,여자인구수,150033
2014,성동구,여자인구수,148723
2015,성동구,여자인구수,149433
2016,성동구,여자인구수,150933
2017,성동구,여자인구수,154440
2018,성동구,여자인구수,156862
2019,성동구,여자인구수,153616
2020,성동구,여자인구수,150169
2021,성동구,여자인구수,146610
2022,성동구,여자인구수,144367
2023,성동구,여자인구수,142842
2007,광진구,총인구수,376572
2008,광진구,총인구수,375482
2009,광진구,총인구수,373998
2010,광진구,총인구수,375463
2011,광진구,총인구수,371936
2012,광진구,총인구수,371313
2013,광진구,총인구수,368927
2014,광진구,총인구수,363354
2015,광진구,총인구수,360369
2016,광진구,총인구수,357215
2017,광진구,총인구수,357703
2018,광진구,총인구수,355559
2019,광진구,총인구수,351350
2020,광진구,총인구수,346682
2021,광진구,총인구수,339996
2022,광진구,총인구수,337416
2023,광진구,총인구수,335554
2007,광진구,남자인구수,186945
2008,광진구,남자인구수,186237
2009,광진구,남자인구수,185190
2010,광진구,남자인구수,186024
2011,광진구,남자인구수,184103
2012,광진구,남자인구수,183528
2013,광진구,남자인구수,181864
2014,광진구,남자인구수,178738
2015,광진구,남자인구수,176884
2016,광진구,남자인구수,174797
2017,광진구,남자인구수,174414
2018,광진구,남자인구수,172794
2019,광진구,남자인구수,170262
2020,광진구,남자인구수,167310
2021,광진구,남자인구수,164058
2022,광진구,남자인구수,162541
2023,광진구,남자인구수,161277
2007,광진구,여자인구수,189627
2008,광진구,여자인구수,189245
2009,광진구,여자인구수,188808
2010,광진구,여자인구수,189439
2011,광진구,여자인구수,187833
2012,광진구,여자인구수,187785
2013,광진구,여자인구수,187063
2014,광진구,여자인구수,184616
2015,광진구,여자인구수,183485
2016,광진구,여자인구수,182418
2017,광진구,여자인구수,183289
2018,광진구,여자인구수,182765
2019,광진구,여자인구수,181088
2020,광진구,여자인구수,179372
2021,광진구,여자인구수,175938
2022,광진구,여자인구수,174875
2023,광진구,여자인구수,174277
2007,동대문구,총인구수,376421
2008,동대문구,총인구수,370250
2009,동대문구,총인구수,362146
2010,동대문구,총인구수,366786
2011,동대문구,총인구수,365486
2012,동대문구,총인구수,363258
2013,동대문구,총인구수,364273
2014,동대문구,총인구수,363687
2015,동대문구,총인구수,360153
2016,동대문구,총인구수,355069
2017,동대문구,총인구수,350647
2018,동대문구,총인구수,348052
2019,동대문구,총인구수,346194
2020,동대문구,총인구수,342837
2021,동대문구,총인구수,337400
2022,동대문구,총인구수,336644
2023,동대문구,총인구수,341149
2007,동대문구,남자인구수,189686
2008,동대문구,남자인구수,186744
2009,동대문구,남자인구수,182550
2010,동대문구,남자인구수,184874
2011,동대문구,남자인구수,183925
2012,동대문구,남자인구수,182661
2013,동대문구,남자인구수,182987
2014,동대문구,남자인구수,182510
2015,동대문구,남자인구수,180485
2016,동대문구,남자인구수,177640
2017,동대문구,남자인구수,175324
2018,동대문구,남자인구수,173567
2019,동대문구,남자인구수,172113
2020,동대문구,남자인구수,169769
2021,동대문구,남자인구수,166646
2022,동대문구,남자인구수,165755
2023,동대문구,남자인구수,167346
2007,동대문구,여자인구수,186735
2008,동대문구,여자인구수,183506
2009,동대문구,여자인구수,179596
2010,동대문구,여자인구수,181912
2011,동대문구,여자인구수,181561
2012,동대문구,여자인구수,180597
2013,동대문구,여자인구수,181286
2014,동대문구,여자인구수,181177
2015,동대문구,여자인구수,179668
2016,동대문구,여자인구수,177429
2017,동대문구,여자인구수,175323
2018,동대문구,여자인구수,174485
2019,동대문구,여자인구수,174081
2020,동대문구,여자인구수,173068
2021,동대문구,여자인구수,170754
2022,동대문구,여자인구수,170889
2023,동대문구,여자인구수,173803
2007,중랑구,총인구수,427071
2008,중랑구,총인구수,427871
2009,중랑구,총인구수,424761
2010,중랑구,총인구수,427455
2011,중랑구,총인구수,423706
2012,중랑구,총인구수,419295
2013,중랑구,총인구수,416798
2014,중랑구,총인구수,418836
2015,중랑구,총인구수,413909
2016,중랑구,총인구수,411005
2017,중랑구,총인구수,408226
2018,중랑구,총인구수,403209
2019,중랑구,총인구수,397015
2020,중랑구,총인구수,394702
2021,중랑구,총인구수,387350
2022,중랑구,총인구수,385318
2023,중랑구,총인구수,382155
2007,중랑구,남자인구수,213662
2008,중랑구,남자인구수,214351
2009,중랑구,남자인구수,212576
2010,중랑구,남자인구수,214383
2011,중랑구,남자인구수,212291
2012,중랑구,남자인구수,210043
2013,중랑구,남자인구수,208641
2014,중랑구,남자인구수,209323
2015,중랑구,남자인구수,206505
2016,중랑구,남자인구수,204900
2017,중랑구,남자인구수,203325
2018,중랑구,남자인구수,200419
2019,중랑구,남자인구수,196959
2020,중랑구,남자인구수,195165
2021,중랑구,남자인구수,191112
2022,중랑구,남자인구수,189537
2023,중랑구,남자인구수,187372
2007,중랑구,여자인구수,213409
2008,중랑구,여자인구수,213520
2009,중랑구,여자인구수,212185
2010,중랑구,여자인구수,213072
2011,중랑구,여자인구수,211415
2012,중랑구,여자인구수,209252
2013,중랑구,여자인구수,208157
2014,중랑구,여자인구수,209513
2015,중랑구,여자인구수,207404
2016,중랑구,여자인구수,206105
2017,중랑구,여자인구수,204901
2018,중랑구,여자인구수,202790
2019,중랑구,여자인구수,200056
2020,중랑구,여자인구수,199537
2021,중랑구,여자인구수,196238
2022,중랑구,여자인구수,195781
2023,중랑구,여자인구수,194783
2007,성북구,총인구수,469973
2008,성북구,총인구수,473357
2009,성북구,총인구수,476028
2010,성북구,총인구수,488932
2011,성북구,총인구수,485171
2012,성북구,총인구수,481857
2013,성북구,총인구수,476589
2014,성북구,총인구수,466706
2015,성북구,총인구수,459275
2016,성북구,총인구수,450355
2017,성북구,총인구수,444055
2018,성북구,총인구수,435868
2019,성북구,총인구수,442650
2020,성북구,총인구수,437153
2021,성북구,총인구수,430528
2022,성북구,총인구수,430397
2023,성북구,총인구수,425602
2007,성북구,남자인구수,233505
2008,성북구,남자인구수,234730
2009,성북구,남자인구수,235755
2010,성북구,남자인구수,241927
2011,성북구,남자인구수,239726
2012,성북구,남자인구수,237474
2013,성북구,남자인구수,234573
2014,성북구,남자인구수,229205
2015,성북구,남자인구수,224980
2016,성북구,남자인구수,219951
2017,성북구,남자인구수,216556
2018,성북구,남자인구수,211904
2019,성북구,남자인구수,214437
2020,성북구,남자인구수,210810
2021,성북구,남자인구수,207578
2022,성북구,남자인구수,206961
2023,성북구,남자인구수,204171
2007,성북구,여자인구수,236468
2008,성북구,여자인구수,238627
2009,성북구,여자인구수,240273
2010,성북구,여자인구수,247005
2011,성북구,여자인구수,245445
2012,성북구,여자인구수,244383
2013,성북구,여자인구수,242016
2014,성북구,여자인구수,237501
2015,성북구,여자인구수,234295
2016,성북구,여자인구수,230404
2017,성북구,여자인구수,227499
2018,성북구,여자인구수,223964
2019,성북구,여자인구수,228213
2020,성북구,여자인구수,226343
2021,성북구,여자인구수,222950
2022,성북구,여자인구수,223436
2023,성북구,여자인구수,221431
2007,강북구,총인구수,345478
2008,강북구,총인구수,342274
2009,강북구,총인구수,340367
2010,강북구,총인구수,346520
2011,강북구,총인구수,345054
2012,강북구,총인구수,343157
2013,강북구,총인구수,338707
2014,강북구,총인구수,335025
2015,강북구,총인구수,330873
2016,강북구,총인구수,327195
2017,강북구,총인구수,324479
2018,강북구,총인구수,319164
2019,강북구,총인구수,313954
2020,강북구,총인구수,308055
2021,강북구,총인구수,299182
2022,강북구,총인구수,293660
2023,강북구,총인구수,288113
2007,강북구,남자인구수,171730
2008,강북구,남자인구수,169887
2009,강북구,남자인구수,168998
2010,강북구,남자인구수,172109
2011,강북구,남자인구수,170906
2012,강북구,남자인구수,169866
2013,강북구,남자인구수,167342
2014,강북구,남자인구수,165223
2015,강북구,남자인구수,162967
2016,강북구,남자인구수,160861
2017,강북구,남자인구수,158918
2018,강북구,남자인구수,156071
2019,강북구,남자인구수,153235
2020,강북구,남자인구수,150143
2021,강북구,남자인구수,145705
2022,강북구,남자인구수,142567
2023,강북구,남자인구수,139514
2007,강북구,여자인구수,173748
2008,강북구,여자인구수,172387
2009,강북구,여자인구수,171369
2010,강북구,여자인구수,174411
2011,강북구,여자인구수,174148
2012,강북구,여자인구수,173291
2013,강북구,여자인구수,171365
2014,강북구,여자인구수,169802
2015,강북구,여자인구수,167906
2016,강북구,여자인구수,166334
2017,강북구,여자인구수,165561
2018,강북구,여자인구수,163093
2019,강북구,여자인구수,160719
2020,강북구,여자인구수,157912
2021,강북구,여자인구수,153477
2022,강북구,여자인구수,151093
2023,강북구,여자인구수,148599
2007,도봉구,총인구수,375975
2008,도봉구,총인구수,373936
2009,도봉구,총인구수,369733
2010,도봉구,총인구수,368298
2011,도봉구,총인구수,365573
2012,도봉구,총인구수,362270
2013,도봉구,총인구수,358582
2014,도봉구,총인구수,353709
2015,도봉구,총인구수,351242
2016,도봉구,총인구수,348220
2017,도봉구,총인구수,344166
2018,도봉구,총인구수,339413
2019,도봉구,총인구수,333362
2020,도봉구,총인구수,325257
2021,도봉구,총인구수,317366
2022,도봉구,총인구수,311694
2023,도봉구,총인구수,306948
2007,도봉구,남자인구수,186424
2008,도봉구,남자인구수,185376
2009,도봉구,남자인구수,182985
2010,도봉구,남자인구수,182407
2011,도봉구,남자인구수,181004
2012,도봉구,남자인구수,179194
2013,도봉구,남자인구수,177153
2014,도봉구,남자인구수,174554
2015,도봉구,남자인구수,173029
2016,도봉구,남자인구수,171238
2017,도봉구,남자인구수,168759
2018,도봉구,남자인구수,166160
2019,도봉구,남자인구수,163051
2020,도봉구,남자인구수,158620
2021,도봉구,남자인구수,154487
2022,도봉구,남자인구수,151398
2023,도봉구,남자인구수,148796
2007,도봉구,여자인구수,189551
2008,도봉구,여자인구수,188560
2009,도봉구,여자인구수,186748
2010,도봉구,여자인구수,185891
2011,도봉구,여자인구수,184569
2012,도봉구,여자인구수,183076
2013,도봉구,여자인구수,181429
2014,도봉구,여자인구수,179155
2015,도봉구,여자인구수,178213
2016,도봉구,여자인구수,176982
2017,도봉구,여자인구수,175407
2018,도봉구,여자인구수,173253
2019,도봉구,여자인구수,170311
2020,도봉구,여자인구수,166637
2021,도봉구,여자인구수,162879
2022,도봉구,여자인구수,160296
2023,도봉구,여자인구수,158152
2007,노원구,총인구수,616753
2008,노원구,총인구수,615981
2009,노원구,총인구수,610616
2010,노원구,총인구수,611230
2011,노원구,총인구수,603930
2012,노원구,총인구수,597189
2013,노원구,총인구수,590479
2014,노원구,총인구수,582552
2015,노원구,총인구수,574583
2016,노원구,총인구수,567581
2017,노원구,총인구수,554403
2018,노원구,총인구수,543752
2019,노원구,총인구수,532905
2020,노원구,총인구수,523037
2021,노원구,총인구수,510956
2022,노원구,총인구수,503734
2023,노원구,총인구수,498213
2007,노원구,남자인구수,302823
2008,노원구,남자인구수,301982
2009,노원구,남자인구수,299211
2010,노원구,남자인구수,299384
2011,노원구,남자인구수,295551
2012,노원구,남자인구수,292081
2013,노원구,남자인구수,288435
2014,노원구,남자인구수,284225
2015,노원구,남자인구수,279987
2016,노원구,남자인구수,276333
2017,노원구,남자인구수,269508
2018,노원구,남자인구수,263919
2019,노원구,남자인구수,257923
2020,노원구,남자인구수,252383
2021,노원구,남자인구수,246053
2022,노원구,남자인구수,242145
2023,노원구,남자인구수,239117
2007,노원구,여자인구수,313930
2008,노원구,여자인구수,313999
2009,노원구,여자인구수,311405
2010,노원구,여자인구수,311846
2011,노원구,여자인구수,308379
2012,노원구,여자인구수,305108
2013,노원구,여자인구수,302044
2014,노원구,여자인구수,298327
2015,노원구,여자인구수,294596
2016,노원구,여자인구수,291248
2017,노원구,여자인구수,284895
2018,노원구,여자인구수,279833
2019,노원구,여자인구수,274982
2020,노원구,여자인구수,270654
2021,노원구,여자인구수,264903
2022,노원구,여자인구수,261589
2023,노원구,여자인구수,259096
2007,은평구,총인구수,459196
2008,은평구,총인구수,458401
2009,은평구,총인구수,465895
2010,은평구,총인구수,488109
2011,은평구,총인구수,493634
2012,은평구,총인구수,501480
2013,은평구,총인구수,503660
2014,은평구,총인구수,498644
2015,은평구,총인구수,497920
2016,은평구,총인구수,491476
2017,은평구,총인구수,486794
2018,은평구,총인구수,483197
2019,은평구,총인구수,480032
2020,은평구,총인구수,479835
2021,은평구,총인구수,473307
2022,은평구,총인구수,466746
2023,은평구,총인구수,466770
2007,은평구,남자인구수,227286
2008,은평구,남자인구수,226636
2009,은평구,남자인구수,229728
2010,은평구,남자인구수,240536
2011,은평구,남자인구수,242779
2012,은평구,남자인구수,246318
2013,은평구,남자인구수,246858
2014,은평구,남자인구수,243977
2015,은평구,남자인구수,242975
2016,은평구,남자인구수,239183
2017,은평구,남자인구수,236353
2018,은평구,남자인구수,233702
2019,은평구,남자인구수,231528
2020,은평구,남자인구수,230279
2021,은평구,남자인구수,226458
2022,은평구,남자인구수,222592
2023,은평구,남자인구수,221725
2007,은평구,여자인구수,231910
2008,은평구,여자인구수,231765
2009,은평구,여자인구수,236167
2010,은평구,여자인구수,247573
2011,은평구,여자인구수,250855
2012,은평구,여자인구수,255162
2013,은평구,여자인구수,256802
2014,은평구,여자인구수,254667
2015,은평구,여자인구수,254945
2016,은평구,여자인구수,252293
2017,은평구,여자인구수,250441
2018,은평구,여자인구수,249495
2019,은평구,여자인구수,248504
2020,은평구,여자인구수,249556
2021,은평구,여자인구수,246849
2022,은평구,여자인구수,244154
2023,은평구,여자인구수,245045
2007,서대문구,총인구수,348575
2008,서대문구,총인구수,331688
2009,서대문구,총인구수,327451
2010,서대문구,총인구수,324541
2011,서대문구,총인구수,314852
2012,서대문구,총인구수,315113
2013,서대문구,총인구수,314110
2014,서대문구,총인구수,310376
2015,서대문구,총인구수,312141
2016,서대문구,총인구수,314194
2017,서대문구,총인구수,312800
2018,서대문구,총인구수,310313
2019,서대문구,총인구수,309397
2020,서대문구,총인구수,312173
2021,서대문구,총인구수,304819
2022,서대문구,총인구수,306337
2023,서대문구,총인구수,306231
2007,서대문구,남자인구수,170588
2008,서대문구,남자인구수,162350
2009,서대문구,남자인구수,160243
2010,서대문구,남자인구수,158857
2011,서대문구,남자인구수,154033
2012,서대문구,남자인구수,154017
2013,서대문구,남자인구수,153315
2014,서대문구,남자인구수,151338
2015,서대문구,남자인구수,152008
2016,서대문구,남자인구수,152510
2017,서대문구,남자인구수,151144
2018,서대문구,남자인구수,149569
2019,서대문구,남자인구수,148663
2020,서대문구,남자인구수,149360
2021,서대문구,남자인구수,145694
2022,서대문구,남자인구수,145816
2023,서대문구,남자인구수,145404
2007,서대문구,여자인구수,177987
2008,서대문구,여자인구수,169338
2009,서대문구,여자인구수,167208
2010,서대문구,여자인구수,165684
2011,서대문구,여자인구수,160819
2012,서대문구,여자인구수,161096
2013,서대문구,여자인구수,160795
2014,서대문구,여자인구수,159038
2015,서대문구,여자인구수,160133
2016,서대문구,여자인구수,161684
2017,서대문구,여자인구수,161656
2018,서대문구,여자인구수,160744
2019,서대문구,여자인구수,160734
2020,서대문구,여자인구수,162813
2021,서대문구,여자인구수,159125
2022,서대문구,여자인구수,160521
2023,서대문구,여자인구수,160827
2007,마포구,총인구수,392650
2008,마포구,총인구수,385119
2009,마포구,총인구수,384013
2010,마포구,총인구수,391865
2011,마포구,총인구수,389493
2012,마포구,총인구수,384644
2013,마포구,총인구수,381856
2014,마포구,총인구수,385439
2015,마포구,총인구수,387643
2016,마포구,총인구수,379892
2017,마포구,총인구수,374915
2018,마포구,총인구수,375077
2019,마포구,총인구수,374035
2020,마포구,총인구수,371890
2021,마포구,총인구수,368905
2022,마포구,총인구수,364638
2023,마포구,총인구수,363697
2007,마포구,남자인구수,192383
2008,마포구,남자인구수,188327
2009,마포구,남자인구수,187324
2010,마포구,남자인구수,191034
2011,마포구,남자인구수,189243
2012,마포구,남자인구수,186452
2013,마포구,남자인구수,184774
2014,마포구,남자인구수,186177
2015,마포구,남자인구수,186495
2016,마포구,남자인구수,182162
2017,마포구,남자인구수,178939
2018,마포구,남자인구수,178240
2019,마포구,남자인구수,176891
2020,마포구,남자인구수,175150
2021,마포구,남자인구수,173504
2022,마포구,남자인구수,171043
2023,마포구,남자인구수,169990
2007,마포구,여자인구수,200267
2008,마포구,여자인구수,196792
2009,마포구,여자인구수,196689
2010,마포구,여자인구수,200831
2011,마포구,여자인구수,200250
2012,마포구,여자인구수,198192
2013,마포구,여자인구수,197082
2014,마포구,여자인구수,199262
2015,마포구,여자인구수,201148
2016,마포구,여자인구수,197730
2017,마포구,여자인구수,195976
2018,마포구,여자인구수,196837
2019,마포구,여자인구수,197144
2020,마포구,여자인구수,196740
2021,마포구,여자인구수,195401
2022,마포구,여자인구수,193595
2023,마포구,여자인구수,193707
2007,양천구,총인구수,503650
2008,양천구,총인구수,502343
2009,양천구,총인구수,501395
2010,양천구,총인구수,500001
2011,양천구,총인구수,500210
2012,양천구,총인구수,495911
2013,양천구,총인구수,492528
2014,양천구,총인구수,486221
2015,양천구,총인구수,484532
2016,양천구,총인구수,477739
2017,양천구,총인구수,471154
2018,양천구,총인구수,464185
2019,양천구,총인구수,458165
2020,양천구,총인구수,454251
2021,양천구,총인구수,447302
2022,양천구,총인구수,440881
2023,양천구,총인구수,436028
2007,양천구,남자인구수,251355
2008,양천구,남자인구수,250516
2009,양천구,남자인구수,249567
2010,양천구,남자인구수,249024
2011,양천구,남자인구수,248927
2012,양천구,남자인구수,246637
2013,양천구,남자인구수,244742
2014,양천구,남자인구수,241020
2015,양천구,남자인구수,239995
2016,양천구,남자인구수,236290
2017,양천구,남자인구수,232518
2018,양천구,남자인구수,228634
2019,양천구,남자인구수,225186
2020,양천구,남자인구수,222824
2021,양천구,남자인구수,219214
2022,양천구,남자인구수,215682
2023,양천구,남자인구수,212835
2007,양천구,여자인구수,252295
2008,양천구,여자인구수,251827
2009,양천구,여자인구수,251828
2010,양천구,여자인구수,250977
2011,양천구,여자인구수,251283
2012,양천구,여자인구수,249274
2013,양천구,여자인구수,247786
2014,양천구,여자인구수,245201
2015,양천구,여자인구수,244537
2016,양천구,여자인구수,241449
2017,양천구,여자인구수,238636
2018,양천구,여자인구수,235551
2019,양천구,여자인구수,232979
2020,양천구,여자인구수,231427
2021,양천구,여자인구수,228088
2022,양천구,여자인구수,225199
2023,양천구,여자인구수,223193
2007,강서구,총인구수,560424
2008,강서구,총인구수,576848
2009,강서구,총인구수,572836
2010,강서구,총인구수,574127
2011,강서구,총인구수,569072
2012,강서구,총인구수,567431
2013,강서구,총인구수,569070
2014,강서구,총인구수,585160
2015,강서구,총인구수,589074
2016,강서구,총인구수,595485
2017,강서구,총인구수,601691
2018,강서구,총인구수,596949
2019,강서구,총인구수,591796
2020,강서구,총인구수,580185
2021,강서구,총인구수,574315
2022,강서구,총인구수,569166
2023,강서구,총인구수,563058
2007,강서구,남자인구수,276977
2008,강서구,남자인구수,284817
2009,강서구,남자인구수,282529
2010,강서구,남자인구수,283248
2011,강서구,남자인구수,280274
2012,강서구,남자인구수,278969
2013,강서구,남자인구수,279207
2014,강서구,남자인구수,286644
2015,강서구,남자인구수,287947
2016,강서구,남자인구수,290478
2017,강서구,남자인구수,292989
2018,강서구,남자인구수,290079
2019,강서구,남자인구수,286563
2020,강서구,남자인구수,280034
2021,강서구,남자인구수,276292
2022,강서구,남자인구수,273203
2023,강서구,남자인구수,269822
2007,강서구,여자인구수,283447
2008,강서구,여자인구수,292031
2009,강서구,여자인구수,290307
2010,강서구,여자인구수,290879
2011,강서구,여자인구수,288798
2012,강서구,여자인구수,288462
2013,강서구,여자인구수,289863
2014,강서구,여자인구수,298516
2015,강서구,여자인구수,301127
2016,강서구,여자인구수,305007
2017,강서구,여자인구수,308702
2018,강서구,여자인구수,306870
2019,강서구,여자인구수,305233
2020,강서구,여자인구수,300151
2021,강서구,여자인구수,298023
2022,강서구,여자인구수,295963
2023,강서구,여자인구수,293236
2007,구로구,총인구수,420542
2008,구로구,총인구수,420795
2009,구로구,총인구수,421967
2010,구로구,총인구수,423736
2011,구로구,총인구수,427468
2012,구로구,총인구수,427520
2013,구로구,총인구수,424964
2014,구로구,총인구수,425831
2015,구로구,총인구수,422092
2016,구로구,총인구수,417551
2017,구로구,총인구수,410742
2018,구로구,총인구수,404497
2019,구로구,총인구수,406664
2020,구로구,총인구수,404408
2021,구로구,총인구수,396754
2022,구로구,총인구수,395315
2023,구로구,총인구수,392405
2007,구로구,남자인구수,212665
2008,구로구,남자인구수,212461
2009,구로구,남자인구수,212953
2010,구로구,남자인구수,214032
2011,구로구,남자인구수,215474
2012,구로구,남자인구수,214982
2013,구로구,남자인구수,213251
2014,구로구,남자인구수,213213
2015,구로구,남자인구수,210440
2016,구로구,남자인구수,207667
2017,구로구,남자인구수,204003
2018,구로구,남자인구수,200417
2019,구로구,남자인구수,200987
2020,구로구,남자인구수,199673
2021,구로구,남자인구수,195537
2022,구로구,남자인구수,194274
2023,구로구,남자인구수,192341
2007,구로구,여자인구수,207877
2008,구로구,여자인구수,208334
2009,구로구,여자인구수,209014
2010,구로구,여자인구수,209704
2011,구로구,여자인구수,211994
2012,구로구,여자인구수,212538
2013,구로구,여자인구수,211713
2014,구로구,여자인구수,212618
2015,구로구,여자인구수,211652
2016,구로구,여자인구수,209884
2017,구로구,여자인구수,206739
2018,구로구,여자인구수,204080
2019,구로구,여자인구수,205677
2020,구로구,여자인구수,204735
2021,구로구,여자인구수,201217
2022,구로구,여자인구수,201041
2023,구로구,여자인구수,200064
2007,금천구,총인구수,249108
2008,금천구,총인구수,247320
2009,금천구,총인구수,244835
2010,금천구,총인구수,245195
2011,금천구,총인구수,243438
2012,금천구,총인구수,243288
2013,금천구,총인구수,241020
2014,금천구,총인구수,238463
2015,금천구,총인구수,236284
2016,금천구,총인구수,235386
2017,금천구,총인구수,235154
2018,금천구,총인구수,233917
2019,금천구,총인구수,232810
2020,금천구,총인구수,231733
2021,금천구,총인구수,230811
2022,금천구,총인구수,229642
2023,금천구,총인구수,227481
2007,금천구,남자인구수,126977
2008,금천구,남자인구수,125931
2009,금천구,남자인구수,124836
2010,금천구,남자인구수,125528
2011,금천구,남자인구수,124665
2012,금천구,남자인구수,124675
2013,금천구,남자인구수,123462
2014,금천구,남자인구수,121878
2015,금천구,남자인구수,120604
2016,금천구,남자인구수,119885
2017,금천구,남자인구수,119497
2018,금천구,남자인구수,118915
2019,금천구,남자인구수,118209
2020,금천구,남자인구수,117226
2021,금천구,남자인구수,116527
2022,금천구,남자인구수,115786
2023,금천구,남자인구수,114414
2007,금천구,여자인구수,122131
2008,금천구,여자인구수,121389
2009,금천구,여자인구수,119999
2010,금천구,여자인구수,119667
2011,금천구,여자인구수,118773
2012,금천구,여자인구수,118613
2013,금천구,여자인구수,117558
2014,금천구,여자인구수,116585
2015,금천구,여자인구수,115680
2016,금천구,여자인구수,115501
2017,금천구,여자인구수,115657
2018,금천구,여자인구수,115002
2019,금천구,여자인구수,114601
2020,금천구,여자인구수,114507
2021,금천구,여자인구수,114284
2022,금천구,여자인구수,113856
2023,금천구,여자인구수,113067
2007,영등포구,총인구수,408178
2008,영등포구,총인구수,408099
2009,영등포구,총인구수,405798
2010,영등포구,총인구수,406833
2011,영등포구,총인구수,397443
2012,영등포구,총인구수,391408
2013,영등포구,총인구수,386471
2014,영등포구,총인구수,382352
2015,영등포구,총인구수,378504
2016,영등포구,총인구수,370613
2017,영등포구,총인구수,368550
2018,영등포구,총인구수,367778
2019,영등포구,총인구수,367678
2020,영등포구,총인구수,379480
2021,영등포구,총인구수,376837
2022,영등포구,총인구수,375675
2023,영등포구,총인구수,374794
2007,영등포구,남자인구수,205976
2008,영등포구,남자인구수,205732
2009,영등포구,남자인구수,204349
2010,영등포구,남자인구수,205106
2011,영등포구,남자인구수,199987
2012,영등포구,남자인구수,196765
2013,영등포구,남자인구수,193880
2014,영등포구,남자인구수,191464
2015,영등포구,남자인구수,189394
2016,영등포구,남자인구수,185200
2017,영등포구,남자인구수,183975
2018,영등포구,남자인구수,183224
2019,영등포구,남자인구수,182438
2020,영등포구,남자인구수,187647
2021,영등포구,남자인구수,185926
2022,영등포구,남자인구수,184660
2023,영등포구,남자인구수,183726
2007,영등포구,여자인구수,202202
2008,영등포구,여자인구수,202367
2009,영등포구,여자인구수,201449
2010,영등포구,여자인구수,201727
2011,영등포구,여자인구수,197456
2012,영등포구,여자인구수,194643
2013,영등포구,여자인구수,192591
2014,영등포구,여자인구수,190888
2015,영등포구,여자인구수,189110
2016,영등포구,여자인구수,185413
2017,영등포구,여자인구수,184575
2018,영등포구,여자인구수,184554
2019,영등포구,여자인구수,185240
2020,영등포구,여자인구수,191833
2021,영등포구,여자인구수,190911
2022,영등포구,여자인구수,191015
2023,영등포구,여자인구수,191068
2007,동작구,총인구수,405967
2008,동작구,총인구수,400866
2009,동작구,총인구수,397920
2010,동작구,총인구수,402709
2011,동작구,총인구수,401408
2012,동작구,총인구수,405491
2013,동작구,총인구수,410815
2014,동작구,총인구수,407470
2015,동작구,총인구수,400641
2016,동작구,총인구수,400997
2017,동작구,총인구수,396217
2018,동작구,총인구수,396203
2019,동작구,총인구수,395963
2020,동작구,총인구수,391220
2021,동작구,총인구수,385483
2022,동작구,총인구수,380596
2023,동작구,총인구수,378769
2007,동작구,남자인구수,200891
2008,동작구,남자인구수,197951
2009,동작구,남자인구수,196339
2010,동작구,남자인구수,198587
2011,동작구,남자인구수,197672
2012,동작구,남자인구수,199454
2013,동작구,남자인구수,202144
2014,동작구,남자인구수,200328
2015,동작구,남자인구수,196463
2016,동작구,남자인구수,196267
2017,동작구,남자인구수,193255
2018,동작구,남자인구수,192533
2019,동작구,남자인구수,191976
2020,동작구,남자인구수,189152
2021,동작구,남자인구수,186426
2022,동작구,남자인구수,184030
2023,동작구,남자인구수,183153
2007,동작구,여자인구수,205076
2008,동작구,여자인구수,202915
2009,동작구,여자인구수,201581
2010,동작구,여자인구수,204122
2011,동작구,여자인구수,203736
2012,동작구,여자인구수,206037
2013,동작구,여자인구수,208671
2014,동작구,여자인구수,207142
2015,동작구,여자인구수,204178
2016,동작구,여자인구수,204730
2017,동작구,여자인구수,202962
2018,동작구,여자인구수,203670
2019,동작구,여자인구수,203987
2020,동작구,여자인구수,202068
2021,동작구,여자인구수,199057
2022,동작구,여자인구수,196566
2023,동작구,여자인구수,195616
2007,관악구,총인구수,535571
2008,관악구,총인구수,534556
2009,관악구,총인구수,529869
2010,관악구,총인구수,531434
2011,관악구,총인구수,526397
2012,관악구,총인구수,523029
2013,관악구,총인구수,518028
2014,관악구,총인구수,513186
2015,관악구,총인구수,509663
2016,관악구,총인구수,506851
2017,관악구,총인구수,503297
2018,관악구,총인구수,501957
2019,관악구,총인구수,500094
2020,관악구,총인구수,495060
2021,관악구,총인구수,485699
2022,관악구,총인구수,486752
2023,관악구,총인구수,481956
2007,관악구,남자인구수,272618
2008,관악구,남자인구수,271762
2009,관악구,남자인구수,269023
2010,관악구,남자인구수,269783
2011,관악구,남자인구수,267145
2012,관악구,남자인구수,265281
2013,관악구,남자인구수,262248
2014,관악구,남자인구수,259631
2015,관악구,남자인구수,257491
2016,관악구,남자인구수,256143
2017,관악구,남자인구수,253661
2018,관악구,남자인구수,252160
2019,관악구,남자인구수,251009
2020,관악구,남자인구수,248339
2021,관악구,남자인구수,243991
2022,관악구,남자인구수,244748
2023,관악구,남자인구수,242651
2007,관악구,여자인구수,262953
2008,관악구,여자인구수,262794
2009,관악구,여자인구수,260846
2010,관악구,여자인구수,261651
2011,관악구,여자인구수,259252
2012,관악구,여자인구수,257748
2013,관악구,여자인구수,255780
2014,관악구,여자인구수,253555
2015,관악구,여자인구수,252172
2016,관악구,여자인구수,250708
2017,관악구,여자인구수,249636
2018,관악구,여자인구수,249797
2019,관악구,여자인구수,249085
2020,관악구,여자인구수,246721
2021,관악구,여자인구수,241708
2022,관악구,여자인구수,242004
2023,관악구,여자인구수,239305
2007,서초구,총인구수,405969
2008,서초구,총인구수,406320
2009,서초구,총인구수,425481
2010,서초구,총인구수,434720
2011,서초구,총인구수,433564
2012,서초구,총인구수,435044
2013,서초구,총인구수,441763
2014,서초구,총인구수,449678
2015,서초구,총인구수,446764
2016,서초구,총인구수,447192
2017,서초구,총인구수,441102
2018,서초구,총인구수,433951
2019,서초구,총인구수,430826
2020,서초구,총인구수,425126
2021,서초구,총인구수,412279
2022,서초구,총인구수,404325
2023,서초구,총인구수,407664
2007,서초구,남자인구수,197555
2008,서초구,남자인구수,197570
2009,서초구,남자인구수,206346
2010,서초구,남자인구수,210652
2011,서초구,남자인구수,209902
2012,서초구,남자인구수,210440
2013,서초구,남자인구수,213285
2014,서초구,남자인구수,216740
2015,서초구,남자인구수,214737
2016,서초구,남자인구수,214673
2017,서초구,남자인구수,211236
2018,서초구,남자인구수,207868
2019,서초구,남자인구수,206039
2020,서초구,남자인구수,203359
2021,서초구,남자인구수,197034
2022,서초구,남자인구수,193159
2023,서초구,남자인구수,194291
2007,서초구,여자인구수,208414
2008,서초구,여자인구수,208750
2009,서초구,여자인구수,219135
2010,서초구,여자인구수,224068
2011,서초구,여자인구수,223662
2012,서초구,여자인구수,224604
2013,서초구,여자인구수,228478
2014,서초구,여자인구수,232938
2015,서초구,여자인구수,232027
2016,서초구,여자인구수,232519
2017,서초구,여자인구수,229866
2018,서초구,여자인구수,226083
2019,서초구,여자인구수,224787
2020,서초구,여자인구수,221767
2021,서초구,여자인구수,215245
2022,서초구,여자인구수,211166
2023,서초구,여자인구수,213373
2007,강남구,총인구수,560958
2008,강남구,총인구수,557832
2009,강남구,총인구수,562138
2010,강남구,총인구수,570095
2011,강남구,총인구수,565710
2012,강남구,총인구수,564197
2013,강남구,총인구수,563599
2014,강남구,총인구수,578114
2015,강남구,총인구수,576495
2016,강남구,총인구수,567115
2017,강남구,총인구수,556164
2018,강남구,총인구수,542364
2019,강남구,총인구수,545169
2020,강남구,총인구수,539231
2021,강남구,총인구수,533042
2022,강남구,총인구수,529102
2023,강남구,총인구수,544873
2007,강남구,남자인구수,270925
2008,강남구,남자인구수,268963
2009,강남구,남자인구수,270720
2010,강남구,남자인구수,274303
2011,강남구,남자인구수,271991
2012,강남구,남자인구수,270970
2013,강남구,남자인구수,270601
2014,강남구,남자인구수,277267
2015,강남구,남자인구수,276425
2016,강남구,남자인구수,271604
2017,강남구,남자인구수,266442
2018,강남구,남자인구수,259611
2019,강남구,남자인구수,260806
2020,강남구,남자인구수,257999
2021,강남구,남자인구수,255047
2022,강남구,남자인구수,253072
2023,강남구,남자인구수,260520
2007,강남구,여자인구수,290033
2008,강남구,여자인구수,288869
2009,강남구,여자인구수,291418
2010,강남구,여자인구수,295792
2011,강남구,여자인구수,293719
2012,강남구,여자인구수,293227
2013,강남구,여자인구수,292998
2014,강남구,여자인구수,300847
2015,강남구,여자인구수,300070
2016,강남구,여자인구수,295511
2017,강남구,여자인구수,289722
2018,강남구,여자인구수,282753
2019,강남구,여자인구수,284363
2020,강남구,여자인구수,281232
2021,강남구,여자인구수,277995
2022,강남구,여자인구수,276030
2023,강남구,여자인구수,284353
2007,송파구,총인구수,623876
2008,송파구,총인구수,668962
2009,송파구,총인구수,681476
2010,송파구,총인구수,685279
2011,송파구,총인구수,682209
2012,송파구,총인구수,673115
2013,송파구,총인구수,668415
2014,송파구,총인구수,664738
2015,송파구,총인구수,660302
2016,송파구,총인구수,657831
2017,송파구,총인구수,664496
2018,송파구,총인구수,666635
2019,송파구,총인구수,675961
2020,송파구,총인구수,667960
2021,송파구,총인구수,658338
2022,송파구,총인구수,658801
2023,송파구,총인구수,654166
2007,송파구,남자인구수,307693
2008,송파구,남자인구수,329262
2009,송파구,남자인구수,334477
2010,송파구,남자인구수,336359
2011,송파구,남자인구수,334494
2012,송파구,남자인구수,329747
2013,송파구,남자인구수,326919
2014,송파구,남자인구수,324902
2015,송파구,남자인구수,322441
2016,송파구,남자인구수,320557
2017,송파구,남자인구수,323147
2018,송파구,남자인구수,323526
2019,송파구,남자인구수,327164
2020,송파구,남자인구수,322299
2021,송파구,남자인구수,317346
2022,송파구,남자인구수,317180
2023,송파구,남자인구수,314347
2007,송파구,여자인구수,316183
2008,송파구,여자인구수,339700
2009,송파구,여자인구수,346999
2010,송파구,여자인구수,348920
2011,송파구,여자인구수,347715
2012,송파구,여자인구수,343368
2013,송파구,여자인구수,341496
2014,송파구,여자인구수,339836
2015,송파구,여자인구수,337861
2016,송파구,여자인구수,337274
2017,송파구,여자인구수,341349
2018,송파구,여자인구수,343109
2019,송파구,여자인구수,348797
2020,송파구,여자인구수,345661
2021,송파구,여자인구수,340992
2022,송파구,여자인구수,341621
2023,송파구,여자인구수,339819
2007,강동구,총인구수,464546
2008,강동구,총인구수,469024
2009,강동구,총인구수,484745
2010,강동구,총인구수,491871
2011,강동구,총인구수,495138
2012,강동구,총인구수,487905
2013,강동구,총인구수,483379
2014,강동구,총인구수,476597
2015,강동구,총인구수,458658
2016,강동구,총인구수,444168
2017,강동구,총인구수,436223
2018,강동구,총인구수,427573
2019,강동구,총인구수,436067
2020,강동구,총인구수,459970
2021,강동구,총인구수,462664
2022,강동구,총인구수,460067
2023,강동구,총인구수,459167
2007,강동구,남자인구수,233223
2008,강동구,남자인구수,235333
2009,강동구,남자인구수,243001
2010,강동구,남자인구수,246492
2011,강동구,남자인구수,247973
2012,강동구,남자인구수,244172
2013,강동구,남자인구수,241503
2014,강동구,남자인구수,237816
2015,강동구,남자인구수,228709
2016,강동구,남자인구수,221118
2017,강동구,남자인구수,216777
2018,강동구,남자인구수,211816
2019,강동구,남자인구수,215335
2020,강동구,남자인구수,226216
2021,강동구,남자인구수,227002
2022,강동구,남자인구수,225221
2023,강동구,남자인구수,224423
2007,강동구,여자인구수,231323
2008,강동구,여자인구수,233691
2009,강동구,여자인구수,241744
2010,강동구,여자인구수,245379
2011,강동구,여자인구수,247165
2012,강동구,여자인구수,243733
2013,강동구,여자인구수,241876
2014,강동구,여자인구수,238781
2015,강동구,여자인구수,229949
2016,강동구,여자인구수,223050
2017,강동구,여자인구수,219446
2018,강동구,여자인구수,215757
2019,강동구,여자인구수,220732
2020,강동구,여자인구수,233754
2021,강동구,여자인구수,235662
2022,강동구,여자인구수,234846
2023,강동구,여자인구수,234744
